NAME,PROJECT,TYPE,PARAMS
"producaorasp4_sql_skill_2f06348fbcd1455292439aeb19b84f0b","mindsdb","sql","{""database"":""producaorasp4"",""tables"":[""maquinas""],""description"":""The table \""maquinas\"" contains machines  data""}"
"producaorasp4_sql_skill_422af0eb192142c59d8c5830715b8bde","mindsdb","sql","{""database"":""producaorasp4"",""tables"":[""maquinas""],""description"":""The table \""maquinas\"" contains machines  data""}"
"producaorasp4_sql_skill_76a513c60d064a1f864d5589c01f47ce","mindsdb","sql","{""database"":""producaorasp4"",""tables"":[""maquinas""],""description"":""The table \""maquinas\"" contains machines  data""}"
"producaorasp4_sql_skill_0e9bdaae4bde4c8c9ed3f22382db711a","mindsdb","sql","{""database"":""producaorasp4"",""tables"":[""maquinas""],""description"":""The table \""maquinas\"" contains machines  data""}"
"producaorasp4_sql_skill_1baa801fb9ad4777a4a574a4f3d1232d","mindsdb","sql","{""database"":""producaorasp4"",""tables"":[""maquinas""],""description"":""The table \""maquinas\"" contains machines  data""}"
"producaorasp4_sql_skill_a78af8c658874158bb0eed92ef378e6f","mindsdb","sql","{""database"":""producaorasp4"",""tables"":[""maquinas""],""description"":""The table \""maquinas\"" contains machines  data""}"
"producaorasp4_sql_skill_c3e67f9b2ee548b39e31fb16a7c32458","mindsdb","sql","{""database"":""producaorasp4"",""tables"":[""maquinas""],""description"":""The table \""maquinas\"" contains machines  data""}"
"producaorasp4_sql_skill_56f4592e6a5a4474b687bf5fb58c5eca","mindsdb","sql","{""database"":""producaorasp4"",""tables"":[],""description"":""The database contains tables to manage a plastic recipes factory ""}"
"producaorasp4_sql_skill_c793faa1e63843af88500ee04f7efa9e","mindsdb","sql","{""database"":""producaorasp4"",""tables"":[],""description"":""The database producaorasp4 contains all tables to manage a plastic recipes factory ""}"
"producaorasp4_sql_skill_f86a430b39d54536821c4da4bae36cfa","mindsdb","sql","{""database"":""producaorasp4"",""tables"":[""maquinas""],""description"":""The database producaorasp4 contains all tables to manage a plastic recipes factory ""}"
"producaorasp4_sql_skill_d188fe707b39453cb3bc9b12af5bcf10","mindsdb","sql","{""database"":""producaorasp4"",""tables"":[],""description"":""A base de dados contem as tabelas para gerenciamento de producao de maquinas que produzem produtos embalados em sacos com certa quantidade de protuso dentro. Produtos sao associados a moldes e maquina tambem. se uma maquina esta produzindo seu campo produzindo é S. Alem disso existem tabelas de manutencao de maquins. as tabelas e seus campos podem ser identificadas e entendidas por seus nomes. ""}"
"producaorasp4_sql_skill_781cb036c5c0414b9c80a868f6362ad0","mindsdb","sql","{""database"":""producaorasp4"",""tables"":[],""description"":""A base de dados contem as tabelas para gerenciamento de producao de maquinas que produzem produtos embalados em sacos com certa quantidade de protuso dentro. Produtos sao associados a moldes e maquina tambem. se uma maquina esta produzindo seu campo produzindo é S. Alem disso existem tabelas de manutencao de maquins. as tabelas e seus campos podem ser identificadas e entendidas por seus nomes. ""}"
"producaorasp4_sql_skill_e6dc9a84d9a74612be3363ac318faccf","mindsdb","sql","{""database"":""producaorasp4"",""tables"":[],""description"":""A base de dados contem as tabelas para gerenciamento de producao de maquinas que produzem produtos embalados em sacos com certa quantidade de protuso dentro. Produtos sao associados a moldes e maquina tambem. se uma maquina esta produzindo seu campo produzindo é S. Alem disso existem tabelas de manutencao de maquins. as tabelas e seus campos podem ser identificadas e entendidas por seus nomes. ""}"
"producaorasp4_sql_skill_f265d86d944e4e73831d730b22b2d6d0","mindsdb","sql","{""database"":""producaorasp4"",""tables"":[],""description"":""A base de dados contem as tabelas para gerenciamento de producao de maquinas que produzem produtos embalados em sacos com certa quantidade de protuso dentro. Produtos sao associados a moldes e maquina tambem. se uma maquina esta produzindo seu campo produzindo é S. Alem disso existem tabelas de manutencao de maquins. as tabelas e seus campos podem ser identificadas e entendidas por seus nomes. formato de datas fornecidas é mm/aa/yyyy. ""}"
"producaorasp4_sql_skill_e47bdfc91d494dc59a4345861344f26a","mindsdb","sql","{""database"":""producaorasp4"",""tables"":[],""description"":""A base de dados contem as tabelas para gerenciamento de producao de maquinas que produzem produtos embalados em sacos com certa quantidade de protuso dentro. Produtos sao associados a moldes e maquina tambem. se uma maquina esta produzindo seu campo produzindo é S. Alem disso existem tabelas de manutencao de maquins. as tabelas e seus campos podem ser identificadas e entendidas por seus nomes. formato de datas fornecidas é mm/aa/yyyy que vc tem que converter para yyyy-mm-dd para consultar o banco. ""}"
"producaorasp4_sql_skill_aaf6bd1db8b54f0483c1c703584f47ce","mindsdb","sql","{""database"":""producaorasp4"",""tables"":[],""description"":""A base de dados contem as tabelas para gerenciamento de producao de maquinas que produzem produtos embalados em sacos com certa quantidade de protuso dentro. Produtos sao associados a moldes e maquina tambem. se uma maquina esta produzindo seu campo produzindo é S. Alem disso existem tabelas de manutencao de maquins. as tabelas e seus campos podem ser identificadas e entendidas por seus nomes. formato de datas fornecidas é mm/aa/yyyy que vc tem que converter para yyyy-mm-dd para consultar o banco. ""}"
"producaorasp4_sql_skill_f449fe06d4134d63a63c59acd28e0cc1","mindsdb","sql","{""database"":""producaorasp4"",""tables"":[],""description"":""A base de dados contém informações sobre a produção industrial de máquinas que fabricam produtos embalados. Cada máquina está associada a um molde\nespecífico e possui registros de produção com datas, status (se a máquina está produzindo ou não), e ciclos de checagem de qualidade de peso durante a produção. \nTambém existem registros de manutenção preventiva e corretiva das máquinas, segmentados por turnos.\n\nAs datas fornecidas nas perguntas seguem o formato **dd/mm/yyyy** e devem ser convertidas para o formato **yyyy-mm-dd** para realizar consultas.\n\nA base de dados é usada para responder perguntas relacionadas a:\n- **Produção das máquinas**, como status de produção, intervalo de datas e dados de peso.\n- **Manutenção das máquinas**, incluindo registros diários e por turno.\n- **Controle de qualidade**, com base em checagens de peso durante os ciclos de produção.\n\nO modelo deve correlacionar as informações para responder perguntas em linguagem natural sobre a produção, qualidade e manutenção das máquinas.\n""}"
"producaorasp4_sql_skill_2df50d6863424af6bc988650d0a1d5d5","mindsdb","sql","{""database"":""producaorasp4"",""tables"":[],""description"":""A base de dados contém informações sobre a produção industrial de máquinas que fabricam produtos embalados. Cada máquina está associada a um molde\nespecífico e possui registros de produção com datas, status (se a máquina está produzindo ou não), e ciclos de checagem de qualidade de peso durante a produção. \nTambém existem registros de manutenção preventiva e corretiva das máquinas, segmentados por turnos.\n\nAs datas fornecidas nas perguntas seguem o formato **dd/mm/yyyy** e devem ser convertidas para o formato **yyyy-mm-dd** para realizar consultas.\n\nA base de dados é usada para responder perguntas relacionadas a:\n- **Produção das máquinas**, como status de produção, intervalo de datas e dados de peso.\n- **Manutenção das máquinas**, incluindo registros diários e por turno.\n- **Controle de qualidade**, com base em checagens de peso durante os ciclos de produção.\n\nO modelo deve correlacionar as informações para responder perguntas em linguagem natural sobre a produção, qualidade e manutenção das máquinas.\n""}"
"producaorasp4_sql_skill_9b9281d8deb7414dbbb27eece60dfd46","mindsdb","sql","{""database"":""producaorasp4"",""tables"":[],""description"":""A base de dados contém informações sobre a produção industrial de máquinas que fabricam produtos embalados. Cada máquina está associada a um molde\nespecífico e possui registros de produção com datas, status (se a máquina está produzindo ou não), e ciclos de checagem de qualidade de peso durante a produção. \nTambém existem registros de manutenção preventiva e corretiva das máquinas, segmentados por turnos.\nAs respostas devem ser fortnecidas em portugues\nAs datas fornecidas nas perguntas seguem o formato **dd/mm/yyyy** e devem ser convertidas para o formato **yyyy-mm-dd** para realizar consultas.\n\nA base de dados é usada para responder perguntas relacionadas a:\n- **Produção das máquinas**, como status de produção, intervalo de datas e dados de peso.\n- **Manutenção das máquinas**, incluindo registros diários e por turno.\n- **Controle de qualidade**, com base em checagens de peso durante os ciclos de produção.\n\nO modelo deve correlacionar as informações para responder perguntas em linguagem natural sobre a produção, qualidade e manutenção das máquinas.\n""}"
"producaorasp4_sql_skill_e36d3a1b2a0f4199a764fa75109ff01a","mindsdb","sql","{""database"":""producaorasp4"",""tables"":[],""description"":""A base de dados contém informações sobre a produção industrial de máquinas que fabricam produtos embalados. Cada máquina está associada a um molde\nespecífico e possui registros de produção com datas, status (se a máquina está produzindo ou não), e ciclos de checagem de qualidade de peso durante a produção. \nTambém existem registros de manutenção preventiva e corretiva das máquinas, segmentados por turnos.\nAs respostas devem ser fortnecidas em portugues\nAs datas fornecidas nas perguntas seguem o formato **dd/mm/yyyy** e devem ser convertidas para o formato **yyyy-mm-dd** para realizar consultas.\n\nA base de dados é usada para responder perguntas relacionadas a:\n- **Produção das máquinas**, como status de produção, intervalo de datas e dados de peso. tabelas relacionadas a producao tem prod em seu nome\n- **Manutenção das máquinas**, incluindo registros diários e por turno. as tabelas de manutencao tem manut em seu nome\n- **Controle de qualidade**, com base em checagens de peso durante os ciclos de produção.\n\nO modelo deve correlacionar as informações para responder perguntas em linguagem natural sobre a produção, qualidade e manutenção das máquinas.\n""}"
"producaorasp4_sql_skill_ad4405207acd4d59b47de34bec242a03","mindsdb","sql","{""database"":""producaorasp4"",""tables"":[],""description"":""A base de dados contém informações sobre a produção industrial de máquinas que fabricam produtos embalados. Cada máquina está associada a um molde\nespecífico e possui registros de produção com datas, status (se a máquina está produzindo ou não), e ciclos de checagem de qualidade de peso durante a produção. \nTambém existem registros de manutenção preventiva e corretiva das máquinas, segmentados por turnos.\nAs respostas devem ser fortnecidas em portugues\nAs datas fornecidas nas perguntas seguem o formato **dd/mm/yyyy** e devem ser convertidas para o formato **yyyy-mm-dd** para realizar consultas.\n\nA base de dados é usada para responder perguntas relacionadas a:\n- **Produção das máquinas**, como status de produção, intervalo de datas e dados de peso. tabelas relacionadas a producao tem prod em seu nome\n- **Manutenção das máquinas**, incluindo registros diários e por turno. as tabelas de manutencao tem manut em seu nome\n- **Controle de qualidade**, com base em checagens de peso durante os ciclos de produção.\n\nO modelo deve correlacionar as informações para responder perguntas em linguagem natural sobre a produção, qualidade e manutenção das máquinas.\n""}"
"producaorasp4_sql_skill_868c214cffca452b8a663455042b3335","mindsdb","sql","{""database"":""producaorasp4"",""tables"":[],""description"":""A base de dados contém informações sobre a produção industrial de máquinas que fabricam produtos embalados. Cada máquina está associada a um molde\nespecífico e possui registros de produção com datas, status (se a máquina está produzindo ou não), e ciclos de checagem de qualidade de peso durante a produção. \nTambém existem registros de manutenção preventiva e corretiva das máquinas, segmentados por turnos.\nAs respostas devem ser traduzidas para portugues\nAs datas fornecidas nas perguntas seguem o formato **dd/mm/yyyy** e devem ser convertidas para o formato **yyyy-mm-dd** para realizar consultas.\n\nA base de dados é usada para responder perguntas relacionadas a:\n- **Produção das máquinas**, como status de produção, intervalo de datas e dados de peso. tabelas relacionadas a producao tem prod em seu nome\n- **Manutenção das máquinas**, incluindo registros diários e por turno. as tabelas de manutencao tem manut em seu nome\n- **Controle de qualidade**, com base em checagens de peso durante os ciclos de produção.\n\nO modelo deve correlacionar as informações para responder perguntas em linguagem natural sobre a produção, qualidade e manutenção das máquinas.\n""}"
"producaorasp4_sql_skill_796d8e26e48640699f9fe30be0c0410e","mindsdb","sql","{""database"":""producaorasp4"",""tables"":[],""description"":""A base de dados contém informações sobre a produção industrial de máquinas que fabricam produtos embalados. Cada máquina está associada a um molde\nespecífico e possui registros de produção com datas, status (se a máquina está produzindo ou não), e ciclos de checagem de qualidade de peso durante a produção. \nTambém existem registros de manutenção preventiva e corretiva das máquinas, segmentados por turnos.\nAs respostas devem ser fortnecidas em portugues\nAs datas fornecidas nas perguntas seguem o formato **dd/mm/yyyy** e devem ser convertidas para o formato **yyyy-mm-dd** para realizar consultas.\n\nA base de dados é usada para responder perguntas relacionadas a:\n- **Produção das máquinas**, como status de produção, intervalo de datas e dados de peso. tabelas relacionadas a producao tem prod em seu nome\n- **Manutenção das máquinas**, incluindo registros diários e por turno. as tabelas de manutencao tem manut em seu nome\n- **Controle de qualidade**, com base em checagens de peso durante os ciclos de produção.\n\nO modelo deve correlacionar as informações para responder perguntas em linguagem natural sobre a produção, qualidade e manutenção das máquinas.\n""}"
"producaorasp4_sql_skill_0c26fe2842d54d9cb5f17910c2c0e4ff","mindsdb","sql","{""database"":""producaorasp4"",""tables"":[],""description"":""A base de dados contém informações sobre a produção industrial de máquinas que fabricam produtos embalados. Cada máquina está associada a um molde\nespecífico e possui registros de produção com datas, status (se a máquina está produzindo ou não), e ciclos de checagem de qualidade de peso durante a produção. \nTambém existem registros de manutenção preventiva e corretiva das máquinas, segmentados por turnos.\nAs respostas devem ser fortnecidas em portugues\nAs datas fornecidas nas perguntas seguem o formato **dd/mm/yyyy** e devem ser convertidas para o formato **yyyy-mm-dd** para realizar consultas.\n\nA base de dados é usada para responder perguntas relacionadas a:\n- **Produção das máquinas**, como status de produção, intervalo de datas e dados de peso. tabelas relacionadas a producao tem prod em seu nome\n- **Manutenção das máquinas**, incluindo registros diários e por turno. as tabelas de manutencao tem manut em seu nome\n- **Controle de qualidade**, com base em checagens de peso durante os ciclos de produção.\n\nO modelo deve correlacionar as informações para responder perguntas em linguagem natural sobre a produção, qualidade e manutenção das máquinas.\n""}"
"producaorasp4_sql_skill_c778240c2bb7477f92243084644af3f3","mindsdb","sql","{""database"":""producaorasp4"",""tables"":[],""description"":""A base de dados contém informações sobre a produção industrial de máquinas que fabricam produtos embalados. Cada máquina está associada a um molde\nespecífico e possui registros de produção com datas, status (se a máquina está produzindo ou não), e ciclos de checagem de qualidade de peso durante a produção. \nTambém existem registros de manutenção preventiva e corretiva das máquinas, segmentados por turnos.\nAs respostas devem ser fortnecidas em portugues\nAs datas fornecidas nas perguntas seguem o formato **dd/mm/yyyy** e devem ser convertidas para o formato **yyyy-mm-dd** para realizar consultas.\n\nA base de dados é usada para responder perguntas relacionadas a:\n- **Produção das máquinas**, como status de produção, intervalo de datas e dados de peso. tabelas relacionadas a producao tem prod em seu nome\n- **Manutenção das máquinas**, incluindo registros diários e por turno. as tabelas de manutencao tem manut em seu nome\n- **Controle de qualidade**, com base em checagens de peso durante os ciclos de produção.\n\nO modelo deve correlacionar as informações para responder perguntas em linguagem natural sobre a produção, qualidade e manutenção das máquinas.\n""}"
"producaorasp4_sql_skill_b0bc6b19be2e4284b991f8a9252b7fc1","mindsdb","sql","{""database"":""producaorasp4"",""tables"":[],""description"":""A base de dados contém informações sobre a produção industrial de máquinas que fabricam produtos embalados. Cada máquina está associada a um molde\nespecífico e possui registros de produção com datas, status (se a máquina está produzindo ou não), e ciclos de checagem de qualidade de peso durante a produção. \nTambém existem registros de manutenção preventiva e corretiva das máquinas, segmentados por turnos.\nAs respostas devem ser fortnecidas em portugues\nAs datas fornecidas nas perguntas seguem o formato **dd/mm/yyyy** e devem ser convertidas para o formato **yyyy-mm-dd** para realizar consultas.\n\nA base de dados é usada para responder perguntas relacionadas a:\n- **Produção das máquinas**, como status de produção, intervalo de datas e dados de peso. tabelas relacionadas a producao tem prod em seu nome\n- **Manutenção das máquinas**, incluindo registros diários e por turno. as tabelas de manutencao tem manut em seu nome\n- **Controle de qualidade**, com base em checagens de peso durante os ciclos de produção.\n\nO modelo deve correlacionar as informações para responder perguntas em linguagem natural sobre a produção, qualidade e manutenção das máquinas.\n""}"
"producaorasp4_sql_skill_72500e9813be40e8881f3c63d50ee985","mindsdb","sql","{""database"":""producaorasp4"",""tables"":[],""description"":""A base de dados contém informações sobre a produção industrial de máquinas que fabricam produtos embalados. Cada máquina está associada a um molde\nespecífico e possui registros de produção com datas, status (se a máquina está produzindo ou não), e ciclos de checagem de qualidade de peso durante a produção. \nTambém existem registros de manutenção preventiva e corretiva das máquinas, segmentados por turnos.\nAs respostas devem ser fortnecidas em portugues\nAs datas fornecidas nas perguntas seguem o formato **dd/mm/yyyy** e devem ser convertidas para o formato **yyyy-mm-dd** para realizar consultas.\n\nA base de dados é usada para responder perguntas relacionadas a:\n- **Produção das máquinas**, como status de produção, intervalo de datas e dados de peso. tabelas relacionadas a producao tem prod em seu nome\n- **Manutenção das máquinas**, incluindo registros diários e por turno. as tabelas de manutencao tem manut em seu nome\n- **Controle de qualidade**, com base em checagens de peso durante os ciclos de produção.\n\nO modelo deve correlacionar as informações para responder perguntas em linguagem natural sobre a produção, qualidade e manutenção das máquinas.\n""}"
"producaorasp4_sql_skill_3f49cf30d79c4765a93d493f7d6f9962","mindsdb","sql","{""database"":""producaorasp4"",""tables"":[],""description"":""A base de dados contém informações sobre a produção industrial de máquinas que fabricam produtos embalados. Cada máquina está associada a um molde\nespecífico e possui registros de produção com datas, status (se a máquina está produzindo ou não), e ciclos de checagem de qualidade de peso durante a produção. \nTambém existem registros de manutenção preventiva e corretiva das máquinas, segmentados por turnos.\nAs respostas devem ser fortnecidas em portugues\nAs datas fornecidas nas perguntas seguem o formato **dd/mm/yyyy** e devem ser convertidas para o formato **yyyy-mm-dd** para realizar consultas.\n\nA base de dados é usada para responder perguntas relacionadas a:\n- **Produção das máquinas**, como status de produção, intervalo de datas e dados de peso. tabelas relacionadas a producao tem prod em seu nome\n- **Manutenção das máquinas**, incluindo registros diários e por turno. as tabelas de manutencao tem manut em seu nome\n- **Controle de qualidade**, com base em checagens de peso durante os ciclos de produção.\n\nO modelo deve correlacionar as informações para responder perguntas em linguagem natural sobre a produção, qualidade e manutenção das máquinas.\n""}"
"producaorasp4_sql_skill_e5c046547a494fb49047598d50cd1f7c","mindsdb","sql","{""database"":""producaorasp4"",""tables"":[],""description"":""A base de dados contém informações sobre a produção industrial de máquinas que fabricam produtos embalados. Cada máquina está associada a um molde\nespecífico e possui registros de produção com datas, status (se a máquina está produzindo ou não), e ciclos de checagem de qualidade de peso durante a produção. \nTambém existem registros de manutenção preventiva e corretiva das máquinas, segmentados por turnos.\nAs respostas devem ser fortnecidas em portugues\nAs datas fornecidas nas perguntas seguem o formato **dd/mm/yyyy** e devem ser convertidas para o formato **yyyy-mm-dd** para realizar consultas.\n\nA base de dados é usada para responder perguntas relacionadas a:\n- **Produção das máquinas**, como status de produção, intervalo de datas e dados de peso. tabelas relacionadas a producao tem prod em seu nome\n- **Manutenção das máquinas**, incluindo registros diários e por turno. as tabelas de manutencao tem manut em seu nome\n- **Controle de qualidade**, com base em checagens de peso durante os ciclos de produção.\n\nO modelo deve correlacionar as informações para responder perguntas em linguagem natural sobre a produção, qualidade e manutenção das máquinas.\n""}"
"producaorasp4_sql_skill_1012cc2269ac4fb0bc4b19cc5aed4a3f","mindsdb","sql","{""database"":""producaorasp4"",""tables"":[],""description"":""A base de dados contém informações sobre a produção industrial de máquinas que fabricam produtos embalados. Cada máquina está associada a um molde\nespecífico e possui registros de produção com datas, status (se a máquina está produzindo ou não), e ciclos de checagem de qualidade de peso durante a produção. \nTambém existem registros de manutenção preventiva e corretiva das máquinas, segmentados por turnos.\nAs respostas devem ser fortnecidas em portugues\nAs datas fornecidas nas perguntas seguem o formato **dd/mm/yyyy** e devem ser convertidas para o formato **yyyy-mm-dd** para realizar consultas.\n\nA base de dados é usada para responder perguntas relacionadas a:\n- **Produção das máquinas**, como status de produção, intervalo de datas e dados de peso. tabelas relacionadas a producao tem prod em seu nome\n- **Manutenção das máquinas**, incluindo registros diários e por turno. as tabelas de manutencao tem manut em seu nome\n- **Controle de qualidade**, com base em checagens de peso durante os ciclos de produção.\n\nO modelo deve correlacionar as informações para responder perguntas em linguagem natural sobre a produção, qualidade e manutenção das máquinas.\n""}"
"producaorasp4_sql_skill_d3e094531e9e4e52bb2427d4851f545e","mindsdb","sql","{""database"":""producaorasp4"",""tables"":[],""description"":""A base de dados contém informações sobre a produção industrial de máquinas que fabricam produtos embalados. Cada máquina está associada a um molde\nespecífico e possui registros de produção com datas, status (se a máquina está produzindo ou não), e ciclos de checagem de qualidade de peso durante a produção. \nTambém existem registros de manutenção preventiva e corretiva das máquinas, segmentados por turnos.\nAs respostas devem ser fortnecidas em portugues\nAs datas fornecidas nas perguntas seguem o formato **dd/mm/yyyy** e devem ser convertidas para o formato **yyyy-mm-dd** para realizar consultas.\n\nA base de dados é usada para responder perguntas relacionadas a:\n- **Produção das máquinas**, como status de produção, intervalo de datas e dados de peso. tabelas relacionadas a producao tem prod em seu nome\n- **Manutenção das máquinas**, incluindo registros diários e por turno. as tabelas de manutencao tem manut em seu nome\n- **Controle de qualidade**, com base em checagens de peso durante os ciclos de produção.\n\nO modelo deve correlacionar as informações para responder perguntas em linguagem natural sobre a produção, qualidade e manutenção das máquinas.\no nome do banco de dados é producao. \n""}"
"producaorasp4_sql_skill_4ad1d62b43bf4b5c851f7f4fb0c0dfc7","mindsdb","sql","{""database"":""producaorasp4"",""tables"":[],""description"":""A base de dados contém informações sobre a produção industrial de máquinas que fabricam produtos embalados. Cada máquina está associada a um molde\nespecífico e possui registros de produção com datas, status (se a máquina está produzindo ou não), e ciclos de checagem de qualidade de peso durante a produção. \nTambém existem registros de manutenção preventiva e corretiva das máquinas, segmentados por turnos.\nAs respostas devem ser fortnecidas em portugues\nAs datas fornecidas nas perguntas seguem o formato **dd/mm/yyyy** e devem ser convertidas para o formato **yyyy-mm-dd** para realizar consultas.\n\nA base de dados é usada para responder perguntas relacionadas a:\n- **Produção das máquinas**, como status de produção, intervalo de datas e dados de peso. tabelas relacionadas a producao tem prod em seu nome\n- **Manutenção das máquinas**, incluindo registros diários e por turno. as tabelas de manutencao tem manut em seu nome\n- **Controle de qualidade**, com base em checagens de peso durante os ciclos de produção.\n\nO modelo deve correlacionar as informações para responder perguntas em linguagem natural sobre a produção, qualidade e manutenção das máquinas.\n \n""}"
"producaorasp4_sql_skill_2a8c42a2d16545118504eb769f56e927","mindsdb","sql","{""database"":""producaorasp4"",""tables"":[],""description"":""A base de dados contém informações sobre a produção industrial de máquinas que fabricam produtos embalados. Cada máquina está associada a um molde\nespecífico e possui registros de produção com datas, status (se a máquina está produzindo ou não), e ciclos de checagem de qualidade de peso durante a produção. \nTambém existem registros de manutenção preventiva e corretiva das máquinas, segmentados por turnos.\nAs respostas devem ser fortnecidas em portugues\nAs datas fornecidas nas perguntas seguem o formato **dd/mm/yyyy** e devem ser convertidas para o formato **yyyy-mm-dd** para realizar consultas.\n\nA base de dados é usada para responder perguntas relacionadas a:\n- **Produção das máquinas**, como status de produção, intervalo de datas e dados de peso. tabelas relacionadas a producao tem prod em seu nome\n- **Manutenção das máquinas**, incluindo registros diários e por turno. as tabelas de manutencao tem manut em seu nome\n- **Controle de qualidade**, com base em checagens de peso durante os ciclos de produção.\n\nO modelo deve correlacionar as informações para responder perguntas em linguagem natural sobre a produção, qualidade e manutenção das máquinas.\n""}"
"producaorasp4_sql_skill_44bbfd1003864767b036c0c4199f3971","mindsdb","sql","{""database"":""producaorasp4"",""tables"":[],""description"":""A base de dados contém informações sobre a produção industrial de máquinas que fabricam produtos embalados. Cada máquina está associada a um molde\nespecífico e possui registros de produção com datas, status (se a máquina está produzindo ou não), e ciclos de checagem de qualidade de peso durante a produção. \nTambém existem registros de manutenção preventiva e corretiva das máquinas, segmentados por turnos.\nAs respostas devem ser fortnecidas em portugues\nAs datas fornecidas nas perguntas seguem o formato **dd/mm/yyyy** e devem ser convertidas para o formato **yyyy-mm-dd** para realizar consultas.\n\nA base de dados é usada para responder perguntas relacionadas a:\n- **Produção das máquinas**, como status de produção, intervalo de datas e dados de peso. tabelas relacionadas a producao tem prod em seu nome\n- **Manutenção das máquinas**, incluindo registros diários e por turno. as tabelas de manutencao tem manut em seu nome\n- **Controle de qualidade**, com base em checagens de peso durante os ciclos de produção.\n\nO modelo deve correlacionar as informações para responder perguntas em linguagem natural sobre a produção, qualidade e manutenção das máquinas.\n""}"
"producaorasp4_sql_skill_3468c9380df545a792b4603b07615ecc","mindsdb","sql","{""database"":""producaorasp4"",""tables"":[],""description"":""A base de dados contém informações sobre a produção industrial de máquinas que fabricam produtos que sao embalagens plásticas. Cada máquina está associada a um molde\nespecífico e possui registros de produção com datas, status (se a máquina está produzindo ou não), e ciclos de checagem de qualidade de peso durante a produção. \nTambém existem registros de manutenção preventiva e corretiva das máquinas, segmentados por turnos. A producção de cada produto é contada em sacos, que vao para um estoque. cada produto\npossui uma quantidade por saco.\nAs respostas devem ser fortnecidas em portugues\nAs datas fornecidas nas perguntas seguem o formato **dd/mm/yyyy** e devem ser convertidas para o formato **yyyy-mm-dd** para realizar consultas.\n\nA base de dados é usada para responder perguntas relacionadas a:\n- **Produção das máquinas**, como status de produção, intervalo de datas e dados de peso. tabelas relacionadas a producao tem prod em seu nome\n- **Manutenção das máquinas**, incluindo registros diários e por turno. as tabelas de manutencao tem manut em seu nome\n- **Controle de qualidade**, com base em checagens de peso durante os ciclos de produção.\n\nO modelo deve correlacionar as informações para responder perguntas em linguagem natural sobre a produção, qualidade e manutenção das máquinas.\n""}"
"producaorasp4_sql_skill_148ae2e18bd1420c9cce127f4a2a0cd1","mindsdb","sql","{""database"":""producaorasp4"",""tables"":[],""description"":""A base de dados contém informações sobre a produção industrial de máquinas que fabricam produtos que sao embalagens plásticas. Cada máquina está associada a um molde\nespecífico e possui registros de produção com datas, status (se a máquina está produzindo ou não), e ciclos de checagem de qualidade de peso durante a produção. \nTambém existem registros de manutenção preventiva e corretiva das máquinas, segmentados por turnos. A producção de cada produto é contada em sacos, que vao para um estoque. cada produto\npossui uma quantidade por saco.\nAs respostas devem ser fortnecidas em portugues\nAs datas fornecidas nas perguntas seguem o formato **dd/mm/yyyy** e devem ser convertidas para o formato **yyyy-mm-dd** para realizar consultas.\n\nA base de dados é usada para responder perguntas relacionadas a:\n- **Produção das máquinas**, como status de produção, intervalo de datas e dados de peso. tabelas relacionadas a producao tem prod em seu nome\n- **Manutenção das máquinas**, incluindo registros diários e por turno. as tabelas de manutencao tem manut em seu nome\n- **Controle de qualidade**, com base em checagens de peso durante os ciclos de produção.\nA tabela producaoproduto contem a producao de cada maquina. o campoquantproduzida é o que indica a quantidade de sacos produzida pela máquina.\nO modelo deve correlacionar as informações para responder perguntas em linguagem natural sobre a produção, qualidade e manutenção das máquinas.\n""}"
"producaorasp4_sql_skill_42f7c7112f2b4356aacce9af2115b0c5","mindsdb","sql","{""database"":""producaorasp4"",""tables"":[],""description"":""A base de dados contém informações sobre a produção industrial de máquinas que fabricam produtos que sao embalagens plásticas. Cada máquina está associada a um molde\nespecífico e possui registros de produção com datas, status (se a máquina está produzindo ou não), e ciclos de checagem de qualidade de peso durante a produção. \nTambém existem registros de manutenção preventiva e corretiva das máquinas, segmentados por turnos. A producção de cada produto é contada em sacos, que vao para um estoque. cada produto\npossui uma quantidade por saco.\nAs respostas devem ser fortnecidas em portugues\nAs datas fornecidas nas perguntas seguem o formato **dd/mm/yyyy** e devem ser convertidas para o formato **yyyy-mm-dd** para realizar consultas.\n\nA base de dados é usada para responder perguntas relacionadas a:\n- **Produção das máquinas**, como status de produção, intervalo de datas e dados de peso. tabelas relacionadas a producao tem prod em seu nome\n- **Manutenção das máquinas**, incluindo registros diários e por turno. as tabelas de manutencao tem manut em seu nome\n- **Controle de qualidade**, com base em checagens de peso durante os ciclos de produção.\nA tabela producaoproduto contem a producao de cada maquina. o campoquantproduzida é o que indica a quantidade de sacos produzida pela máquina.\nO modelo deve correlacionar as informações para responder perguntas em linguagem natural sobre a produção, qualidade e manutenção das máquinas.\n""}"
"producaorasp4_sql_skill_e7119cca67d546959652face726433e6","mindsdb","sql","{""database"":""producaorasp4"",""tables"":[],""description"":""A base de dados contém informações sobre a produção industrial de máquinas que fabricam produtos que sao embalagens plásticas. Cada máquina está associada a um molde\nespecífico e possui registros de produção com datas, status (se a máquina está produzindo ou não), e ciclos de checagem de qualidade de peso durante a produção. \nTambém existem registros de manutenção preventiva e corretiva das máquinas, segmentados por turnos. A producção de cada produto é contada em sacos, que vao para um estoque. cada produto\npossui uma quantidade por saco.\nAs respostas devem ser fortnecidas em portugues\nAs datas fornecidas nas perguntas seguem o formato **dd/mm/yyyy** e devem ser convertidas para o formato **yyyy-mm-dd** para realizar consultas.\n\nA base de dados é usada para responder perguntas relacionadas a:\n- **Produção das máquinas**, como status de produção, intervalo de datas e dados de peso. tabelas relacionadas a producao tem prod em seu nome\n- **Manutenção das máquinas**, incluindo registros diários e por turno. as tabelas de manutencao tem manut em seu nome\n- **Controle de qualidade**, com base em checagens de peso durante os ciclos de produção.\nA tabela producaoproduto contem a producao de cada maquina. o campoquantproduzida é o que indica a quantidade de sacos produzida pela máquina.\nO modelo deve correlacionar as informações para responder perguntas em linguagem natural sobre a produção, qualidade e manutenção das máquinas.\n""}"
"producaorasp4_sql_skill_fbf36ee47fd749929bdade7be9ed1562","mindsdb","sql","{""database"":""producaorasp4"",""tables"":[],""description"":""A base de dados contém informações sobre a produção industrial de máquinas que fabricam produtos que sao embalagens plásticas. Cada máquina está associada a um molde\nespecífico e possui registros de produção com datas, status (se a máquina está produzindo ou não), e ciclos de checagem de qualidade de peso durante a produção. \nTambém existem registros de manutenção preventiva e corretiva das máquinas, segmentados por turnos. A producção de cada produto é contada em sacos, que vao para um estoque. cada produto\npossui uma quantidade por saco.\nAs respostas devem ser fortnecidas em portugues\nAs datas fornecidas nas perguntas seguem o formato **dd/mm/yyyy** e devem ser convertidas para o formato **yyyy-mm-dd** para realizar consultas.\n\nA base de dados é usada para responder perguntas relacionadas a:\n- **Produção das máquinas**, como status de produção, intervalo de datas e dados de peso. tabelas relacionadas a producao tem prod em seu nome\n- **Manutenção das máquinas**, incluindo registros diários e por turno. as tabelas de manutencao tem manut em seu nome\n- **Controle de qualidade**, com base em checagens de peso durante os ciclos de produção.\nA tabela producaoproduto contem a producao de cada maquina. o campoquantproduzida é o que indica a quantidade de sacos produzida pela máquina.\nO modelo deve correlacionar as informações para responder perguntas em linguagem natural sobre a produção, qualidade e manutenção das máquinas.\n""}"
"producaorasp4_sql_skill_6426f642b54f4e949fedaece0b784476","mindsdb","sql","{""database"":""producaorasp4"",""tables"":[],""description"":""A base de dados contém informações sobre a produção industrial de máquinas que fabricam produtos que sao embalagens plásticas. Cada máquina está associada a um molde\nespecífico e possui registros de produção com datas, status (se a máquina está produzindo ou não), e ciclos de checagem de qualidade de peso durante a produção. \nTambém existem registros de manutenção preventiva e corretiva das máquinas, segmentados por turnos. A producção de cada produto é contada em sacos, que vao para um estoque. cada produto\npossui uma quantidade por saco.\nAs respostas devem ser fortnecidas em portugues\nAs datas fornecidas nas perguntas seguem o formato **dd/mm/yyyy** e devem ser convertidas para o formato **yyyy-mm-dd** para realizar consultas.\n\nA base de dados é usada para responder perguntas relacionadas a:\n- **Produção das máquinas**, como status de produção, intervalo de datas e dados de peso. tabelas relacionadas a producao tem prod em seu nome\n- **Manutenção das máquinas**, incluindo registros diários e por turno. as tabelas de manutencao tem manut em seu nome\n- **Controle de qualidade**, com base em checagens de peso durante os ciclos de produção.\nA tabela producaoproduto contem a producao de cada maquina. o campoquantproduzida é o que indica a quantidade de sacos produzida pela máquina.\nO modelo deve correlacionar as informações para responder perguntas em linguagem natural sobre a produção, qualidade e manutenção das máquinas.\n""}"
"producaorasp4_sql_skill_58f8df84d7c24852b485cb48f88ad7ed","mindsdb","sql","{""database"":""producaorasp4"",""tables"":[],""description"":""A base de dados contém informações sobre a produção industrial de máquinas que fabricam produtos que sao embalagens plásticas. Cada máquina está associada a um molde\nespecífico e possui registros de produção com datas, status (se a máquina está produzindo ou não), e ciclos de checagem de qualidade de peso durante a produção. \nTambém existem registros de manutenção preventiva e corretiva das máquinas, segmentados por turnos. A producção de cada produto é contada em sacos, que vao para um estoque. cada produto\npossui uma quantidade por saco.\nAs respostas devem ser fortnecidas em portugues\nAs datas fornecidas nas perguntas seguem o formato **dd/mm/yyyy** e devem ser convertidas para o formato **yyyy-mm-dd** para realizar consultas.\n\nA base de dados é usada para responder perguntas relacionadas a:\n- **Produção das máquinas**, como status de produção, intervalo de datas e dados de peso. tabelas relacionadas a producao tem prod em seu nome\n- **Manutenção das máquinas**, incluindo registros diários e por turno. as tabelas de manutencao tem manut em seu nome\n- **Controle de qualidade**, com base em checagens de peso durante os ciclos de produção.\nA tabela producaoproduto contem a producao de cada maquina. o campoquantproduzida é o que indica a quantidade de sacos produzida pela máquina.\nO modelo deve correlacionar as informações para responder perguntas em linguagem natural sobre a produção, qualidade e manutenção das máquinas.\nnao use a tabela registroproducao!! Essa tabela não existe. Use a tabela producaoproduto, que contẽm o registro de produção!!!\n""}"
"producaorasp4_sql_skill_ea476717ce35491bab0cc40ff178b549","mindsdb","sql","{""database"":""producaorasp4"",""tables"":[],""description"":""A base de dados contém informações sobre a produção industrial de máquinas que fabricam produtos que sao embalagens plásticas. Cada máquina está associada a um molde\nespecífico e possui registros de produção com datas, status (se a máquina está produzindo ou não), e ciclos de checagem de qualidade de peso durante a produção. \nTambém existem registros de manutenção preventiva e corretiva das máquinas, segmentados por turnos. A producção de cada produto é contada em sacos, que vao para um estoque. cada produto\npossui uma quantidade por saco.\nAs respostas devem ser fortnecidas em portugues\nAs datas fornecidas nas perguntas seguem o formato **dd/mm/yyyy** e devem ser convertidas para o formato **yyyy-mm-dd** para realizar consultas.\n\nA base de dados é usada para responder perguntas relacionadas a:\n- **Produção das máquinas**, como status de produção, intervalo de datas e dados de peso. tabelas relacionadas a producao tem prod em seu nome\n- **Manutenção das máquinas**, incluindo registros diários e por turno. as tabelas de manutencao tem manut em seu nome\n- **Controle de qualidade**, com base em checagens de peso durante os ciclos de produção.\nA tabela producaoproduto contem a producao de cada maquina. o campoquantproduzida é o que indica a quantidade de sacos produzida pela máquina.\nO modelo deve correlacionar as informações para responder perguntas em linguagem natural sobre a produção, qualidade e manutenção das máquinas.\nnao use a tabela registroproducao!! Essa tabela não existe. Use a tabela producaoproduto, que contẽm o registro de produção!!!\n""}"
"producaorasp4_sql_skill_00cbf7829fde4c598bae975780b38d50","mindsdb","sql","{""database"":""producaorasp4"",""tables"":[],""description"":""A base de dados contém informações sobre a produção industrial de máquinas que fabricam produtos que sao embalagens plásticas. Cada máquina está associada a um molde\nespecífico e possui registros de produção com datas, status (se a máquina está produzindo ou não), e ciclos de checagem de qualidade de peso durante a produção. \nTambém existem registros de manutenção preventiva e corretiva das máquinas, segmentados por turnos. A producção de cada produto é contada em sacos, que vao para um estoque. cada produto\npossui uma quantidade por saco.\nAs respostas devem ser fortnecidas em portugues\nAs datas fornecidas nas perguntas seguem o formato **dd/mm/yyyy** e devem ser convertidas para o formato **yyyy-mm-dd** para realizar consultas.\n\nA base de dados é usada para responder perguntas relacionadas a:\n- **Produção das máquinas**, como status de produção, intervalo de datas e dados de peso. tabelas relacionadas a producao tem prod em seu nome\n- **Manutenção das máquinas**, incluindo registros diários e por turno. as tabelas de manutencao tem manut em seu nome\n- **Controle de qualidade**, com base em checagens de peso durante os ciclos de produção.\nA tabela producaoproduto contem a producao de cada maquina. o campoquantproduzida é o que indica a quantidade de sacos produzida pela máquina.\nO modelo deve correlacionar as informações para responder perguntas em linguagem natural sobre a produção, qualidade e manutenção das máquinas.\nnao use a tabela registroproducao!! Essa tabela não existe. Use a tabela producaoproduto, que contẽm o registro de produção!!!\n""}"
"producaorasp4_sql_skill_d5ce932f2e844e28985027dc6354e191","mindsdb","sql","{""database"":""producaorasp4"",""tables"":[],""description"":""A base de dados contém informações sobre a produção industrial de máquinas que fabricam produtos que sao embalagens plásticas. Cada máquina está associada a um molde\nespecífico e possui registros de produção com datas, status (se a máquina está produzindo ou não), e ciclos de checagem de qualidade de peso durante a produção. \nTambém existem registros de manutenção preventiva e corretiva das máquinas, segmentados por turnos. A producção de cada produto é contada em sacos, que vao para um estoque. cada produto\npossui uma quantidade por saco.\nAs respostas devem ser fortnecidas em portugues\nAs datas fornecidas nas perguntas seguem o formato **dd/mm/yyyy** e devem ser convertidas para o formato **yyyy-mm-dd** para realizar consultas.\n\nA base de dados é usada para responder perguntas relacionadas a:\n- **Produção das máquinas**, como status de produção, intervalo de datas e dados de peso. tabelas relacionadas a producao tem prod em seu nome\n- **Manutenção das máquinas**, incluindo registros diários e por turno. as tabelas de manutencao tem manut em seu nome\n- **Controle de qualidade**, com base em checagens de peso durante os ciclos de produção.\nA tabela producaoproduto contem a producao de cada maquina. o campoquantproduzida é o que indica a quantidade de sacos produzida pela máquina.\nO modelo deve correlacionar as informações para responder perguntas em linguagem natural sobre a produção, qualidade e manutenção das máquinas.\nnao use a tabela registroproducao!! Essa tabela não existe. Use a tabela producaoproduto, que contẽm o registro de produção!!!\n""}"
"producaorasp4_sql_skill_040f6adf75314706a6086e004d04351e","mindsdb","sql","{""database"":""producaorasp4"",""tables"":[],""description"":""A base de dados contém informações sobre a produção industrial de máquinas que fabricam produtos que sao embalagens plásticas. Cada máquina está associada a um molde\nespecífico e possui registros de produção com datas, status (se a máquina está produzindo ou não), e ciclos de checagem de qualidade de peso durante a produção. \nTambém existem registros de manutenção preventiva e corretiva das máquinas, segmentados por turnos. A producção de cada produto é contada em sacos, que vao para um estoque. cada produto\npossui uma quantidade por saco.\nAs respostas devem ser fortnecidas em portugues\nAs datas fornecidas nas perguntas seguem o formato **dd/mm/yyyy** e devem ser convertidas para o formato **yyyy-mm-dd** para realizar consultas.\n\nA base de dados é usada para responder perguntas relacionadas a:\n- **Produção das máquinas**, como status de produção, intervalo de datas e dados de peso. tabelas relacionadas a producao tem prod em seu nome\n- **Manutenção das máquinas**, incluindo registros diários e por turno. as tabelas de manutencao tem manut em seu nome\n- **Controle de qualidade**, com base em checagens de peso durante os ciclos de produção.\nA tabela producaoproduto contem a producao de cada maquina. o campoquantproduzida é o que indica a quantidade de sacos produzida pela máquina.\nO modelo deve correlacionar as informações para responder perguntas em linguagem natural sobre a produção, qualidade e manutenção das máquinas.\nnao use a tabela registroproducao!! Essa tabela não existe. Use a tabela producaoproduto, que contẽm o registro de produção!!!\n""}"
"producaorasp4_sql_skill_fb3ad425b29a4a92a25112d8b98dbf13","mindsdb","sql","{""database"":""producaorasp4"",""tables"":[],""description"":""A base de dados contém informações sobre a produção industrial de máquinas que fabricam produtos que sao embalagens plásticas. Cada máquina está associada a um molde\nespecífico e possui registros de produção com datas, status (se a máquina está produzindo ou não), e ciclos de checagem de qualidade de peso durante a produção. \nTambém existem registros de manutenção preventiva e corretiva das máquinas, segmentados por turnos. A producção de cada produto é contada em sacos, que vao para um estoque. cada produto\npossui uma quantidade por saco.\nAs respostas devem ser fortnecidas em portugues\nAs datas fornecidas nas perguntas seguem o formato **dd/mm/yyyy** e devem ser convertidas para o formato **yyyy-mm-dd** para realizar consultas.\n\nA base de dados é usada para responder perguntas relacionadas a:\n- **Produção das máquinas**, como status de produção, intervalo de datas e dados de peso. tabelas relacionadas a producao tem prod em seu nome\n- **Manutenção das máquinas**, incluindo registros diários e por turno. as tabelas de manutencao tem manut em seu nome\n- **Controle de qualidade**, com base em checagens de peso durante os ciclos de produção.\nA tabela producaoproduto contem a producao de cada maquina. o campoquantproduzida é o que indica a quantidade de sacos produzida pela máquina.\nO modelo deve correlacionar as informações para responder perguntas em linguagem natural sobre a produção, qualidade e manutenção das máquinas.\nnao use a tabela registroproducao!! Essa tabela não existe. Use a tabela producaoproduto, que contẽm o registro de produção!!!\n""}"
"producaorasp4_sql_skill_b63198f4c4e04871abfd4f826f3b2de5","mindsdb","sql","{""database"":""producaorasp4"",""tables"":[],""description"":""A base de dados contém informações sobre a produção industrial de máquinas que fabricam produtos que sao embalagens plásticas. Cada máquina está associada a um molde\nespecífico e possui registros de produção com datas, status (se a máquina está produzindo ou não), e ciclos de checagem de qualidade de peso durante a produção. \nTambém existem registros de manutenção preventiva e corretiva das máquinas, segmentados por turnos. A producção de cada produto é contada em sacos, que vao para um estoque. cada produto\npossui uma quantidade por saco.\nAs respostas devem ser fortnecidas em portugues\nAs datas fornecidas nas perguntas seguem o formato **dd/mm/yyyy** e devem ser convertidas para o formato **yyyy-mm-dd** para realizar consultas.\n\nA base de dados é usada para responder perguntas relacionadas a:\n- **Produção das máquinas**, como status de produção, intervalo de datas e dados de peso. tabelas relacionadas a producao tem prod em seu nome\n- **Manutenção das máquinas**, incluindo registros diários e por turno. as tabelas de manutencao tem manut em seu nome\n- **Controle de qualidade**, com base em checagens de peso durante os ciclos de produção.\nA tabela producaoproduto contem a producao de cada maquina. o campoquantproduzida é o que indica a quantidade de sacos produzida pela máquina.\nO modelo deve correlacionar as informações para responder perguntas em linguagem natural sobre a produção, qualidade e manutenção das máquinas.\nnao use a tabela registroproducao!! Essa tabela não existe. Use a tabela producaoproduto, que contẽm o registro de produção!!!\n""}"
"producao2_sql_skill_75bc0b52fc724d99b73e71dc72e1d1dd","mindsdb","sql","{""database"":""producao2"",""tables"":[],""description"":""A base de dados contém informações sobre a produção industrial de máquinas que fabricam produtos que sao embalagens plásticas. Cada máquina está associada a um molde\nespecífico e possui registros de produção com datas, status (se a máquina está produzindo ou não), e ciclos de checagem de qualidade de peso durante a produção. \nTambém existem registros de manutenção preventiva e corretiva das máquinas, segmentados por turnos. A producção de cada produto é contada em sacos, que vao para um estoque. cada produto\npossui uma quantidade por saco.\nAs respostas devem ser fortnecidas em portugues\nAs datas fornecidas nas perguntas seguem o formato **dd/mm/yyyy** e devem ser convertidas para o formato **yyyy-mm-dd** para realizar consultas.\n\nA base de dados é usada para responder perguntas relacionadas a:\n- **Produção das máquinas**, como status de produção, intervalo de datas e dados de peso. tabelas relacionadas a producao tem prod em seu nome\n- **Manutenção das máquinas**, incluindo registros diários e por turno. as tabelas de manutencao tem manut em seu nome\n- **Controle de qualidade**, com base em checagens de peso durante os ciclos de produção.\nA tabela producaoproduto contem a producao de cada maquina. o campoquantproduzida é o que indica a quantidade de sacos produzida pela máquina.\nO modelo deve correlacionar as informações para responder perguntas em linguagem natural sobre a produção, qualidade e manutenção das máquinas.\nnao use a tabela registroproducao!! Essa tabela não existe. Use a tabela producaoproduto, que contẽm o registro de produção!!!\n""}"
"producao2_sql_skill_6d9c9eecbfeb4d27bc483aed7cdc30ba","mindsdb","sql","{""database"":""producao2"",""tables"":[],""description"":""A base de dados contém informações sobre a produção industrial de máquinas que fabricam produtos que sao embalagens plásticas. Cada máquina está associada a um molde\nespecífico e possui registros de produção com datas, status (se a máquina está produzindo ou não), e ciclos de checagem de qualidade de peso durante a produção. \nTambém existem registros de manutenção preventiva e corretiva das máquinas, segmentados por turnos. A producção de cada produto é contada em sacos, que vao para um estoque. cada produto\npossui uma quantidade por saco.\nAs respostas devem ser fortnecidas em portugues\nAs datas fornecidas nas perguntas seguem o formato **dd/mm/yyyy** e devem ser convertidas para o formato **yyyy-mm-dd** para realizar consultas.\n\nA base de dados é usada para responder perguntas relacionadas a:\n- **Produção das máquinas**, como status de produção, intervalo de datas e dados de peso. tabelas relacionadas a producao tem prod em seu nome\n- **Manutenção das máquinas**, incluindo registros diários e por turno. as tabelas de manutencao tem manut em seu nome\n- **Controle de qualidade**, com base em checagens de peso durante os ciclos de produção.\nA tabela producaoproduto contem a producao de cada maquina. o campoquantproduzida é o que indica a quantidade de sacos produzida pela máquina.\nO modelo deve correlacionar as informações para responder perguntas em linguagem natural sobre a produção, qualidade e manutenção das máquinas.\nnao use a tabela registroproducao!! Essa tabela não existe. Use a tabela producaoproduto, que contẽm o registro de produção!!!\n""}"
"producao2_sql_skill_b8b008c99fb7463680d67c0c9108c66b","mindsdb","sql","{""database"":""producao2"",""tables"":[],""description"":""A base de dados contém informações sobre a produção industrial de máquinas que fabricam produtos que sao embalagens plásticas. Cada máquina está associada a um molde\nespecífico e possui registros de produção com datas, status (se a máquina está produzindo ou não), e ciclos de checagem de qualidade de peso durante a produção. \nTambém existem registros de manutenção preventiva e corretiva das máquinas, segmentados por turnos. A producção de cada produto é contada em sacos, que vao para um estoque. cada produto\npossui uma quantidade por saco.\nAs respostas devem ser fortnecidas em portugues\nAs datas fornecidas nas perguntas seguem o formato **dd/mm/yyyy** e devem ser convertidas para o formato **yyyy-mm-dd** para realizar consultas.\n\nA base de dados é usada para responder perguntas relacionadas a:\n- **Produção das máquinas**, como status de produção, intervalo de datas e dados de peso. tabelas relacionadas a producao tem prod em seu nome\n- **Manutenção das máquinas**, incluindo registros diários e por turno. as tabelas de manutencao tem manut em seu nome\n- **Controle de qualidade**, com base em checagens de peso durante os ciclos de produção.\nA tabela producaoproduto contem a producao de cada maquina. o campoquantproduzida é o que indica a quantidade de sacos produzida pela máquina.\nO modelo deve correlacionar as informações para responder perguntas em linguagem natural sobre a produção, qualidade e manutenção das máquinas.\nnao use a tabela registroproducao!! Essa tabela não existe. Use a tabela producaoproduto, que contẽm o registro de produção!!!\n""}"
"producao2_sql_skill_829e4ba10d164d8aba34c40eb52e0ead","mindsdb","sql","{""database"":""producao2"",""tables"":[],""description"":""A base de dados contém informações sobre a produção industrial de máquinas que fabricam produtos que sao embalagens plásticas. Cada máquina está associada a um molde\nespecífico e possui registros de produção com datas, status (se a máquina está produzindo ou não), e ciclos de checagem de qualidade de peso durante a produção. \nTambém existem registros de manutenção preventiva e corretiva das máquinas, segmentados por turnos. A producção de cada produto é contada em sacos, que vao para um estoque. cada produto\npossui uma quantidade por saco.\nAs respostas devem ser fortnecidas em portugues\nAs datas fornecidas nas perguntas seguem o formato **dd/mm/yyyy** e devem ser convertidas para o formato **yyyy-mm-dd** para realizar consultas.\n\nA base de dados é usada para responder perguntas relacionadas a:\n- **Produção das máquinas**, como status de produção, intervalo de datas e dados de peso. tabelas relacionadas a producao tem prod em seu nome\n- **Manutenção das máquinas**, incluindo registros diários e por turno. as tabelas de manutencao tem manut em seu nome\n- **Controle de qualidade**, com base em checagens de peso durante os ciclos de produção.\nA tabela producaoproduto contem a producao de cada maquina. o campoquantproduzida é o que indica a quantidade de sacos produzida pela máquina.\nO modelo deve correlacionar as informações para responder perguntas em linguagem natural sobre a produção, qualidade e manutenção das máquinas.\nnao use a tabela registroproducao!! Essa tabela não existe. Use a tabela producaoproduto, que contẽm o registro de produção!!!\n""}"
"producao2_sql_skill_7c185b79e82f407f936210f0d5a3f146","mindsdb","sql","{""database"":""producao2"",""tables"":[],""description"":""A base de dados contém informações sobre a produção industrial de máquinas que fabricam produtos que sao embalagens plásticas. Cada máquina está associada a um molde\nespecífico e possui registros de produção com datas, status (se a máquina está produzindo ou não), e ciclos de checagem de qualidade de peso durante a produção. \nTambém existem registros de manutenção preventiva e corretiva das máquinas, segmentados por turnos. A producção de cada produto é contada em sacos, que vao para um estoque. cada produto\npossui uma quantidade por saco.\nAs respostas devem ser fortnecidas em portugues\nAs datas fornecidas nas perguntas seguem o formato **dd/mm/yyyy** e devem ser convertidas para o formato **yyyy-mm-dd** para realizar consultas.\n\nA base de dados é usada para responder perguntas relacionadas a:\n- **Produção das máquinas**, como status de produção, intervalo de datas e dados de peso. tabelas relacionadas a producao tem prod em seu nome\n- **Manutenção das máquinas**, incluindo registros diários e por turno. as tabelas de manutencao tem manut em seu nome\n- **Controle de qualidade**, com base em checagens de peso durante os ciclos de produção.\nA tabela producaoproduto contem a producao de cada maquina. o campoquantproduzida é o que indica a quantidade de sacos produzida pela máquina.\nO modelo deve correlacionar as informações para responder perguntas em linguagem natural sobre a produção, qualidade e manutenção das máquinas.\nnao use a tabela registroproducao!! Essa tabela não existe. Use a tabela producaoproduto, que contẽm o registro de produção!!!\n""}"
"producao2_sql_skill_7ac78fdd28e04f149324e4c49afdfbb3","mindsdb","sql","{""database"":""producao2"",""tables"":[],""description"":""A base de dados contém informações sobre a produção industrial de máquinas que fabricam produtos que sao embalagens plásticas. Cada máquina está associada a um molde\nespecífico e possui registros de produção com datas, status (se a máquina está produzindo ou não), e ciclos de checagem de qualidade de peso durante a produção. \nTambém existem registros de manutenção preventiva e corretiva das máquinas, segmentados por turnos. A producção de cada produto é contada em sacos, que vao para um estoque. cada produto\npossui uma quantidade por saco.\nAs respostas devem ser fortnecidas em portugues\nAs datas fornecidas nas perguntas seguem o formato **dd/mm/yyyy** e devem ser convertidas para o formato **yyyy-mm-dd** para realizar consultas.\n\nA base de dados é usada para responder perguntas relacionadas a:\n- **Produção das máquinas**, como status de produção, intervalo de datas e dados de peso. tabelas relacionadas a producao tem prod em seu nome\n- **Manutenção das máquinas**, incluindo registros diários e por turno. as tabelas de manutencao tem manut em seu nome\n- **Controle de qualidade**, com base em checagens de peso durante os ciclos de produção.\nA tabela producaoproduto contem a producao de cada maquina. o campoquantproduzida é o que indica a quantidade de sacos produzida pela máquina.\nO modelo deve correlacionar as informações para responder perguntas em linguagem natural sobre a produção, qualidade e manutenção das máquinas.\nnao use a tabela registroproducao!! Essa tabela não existe. Use a tabela producaoproduto, que contẽm o registro de produção!!!\n""}"
"producao2_sql_skill_a34705c25cce48bea6cb4ffc94aed189","mindsdb","sql","{""database"":""producao2"",""tables"":[],""description"":""A base de dados contém informações sobre a produção industrial de máquinas que fabricam produtos que sao embalagens plásticas. Cada máquina está associada a um molde\nespecífico e possui registros de produção com datas, status (se a máquina está produzindo ou não), e ciclos de checagem de qualidade de peso durante a produção. \nTambém existem registros de manutenção preventiva e corretiva das máquinas, segmentados por turnos. A producção de cada produto é contada em sacos, que vao para um estoque. cada produto\npossui uma quantidade por saco.\nAs respostas devem ser fortnecidas em portugues\nAs datas fornecidas nas perguntas seguem o formato **dd/mm/yyyy** e devem ser convertidas para o formato **yyyy-mm-dd** para realizar consultas.\n\nA base de dados é usada para responder perguntas relacionadas a:\n- **Produção das máquinas**, como status de produção, intervalo de datas e dados de peso. tabelas relacionadas a producao tem prod em seu nome\n- **Manutenção das máquinas**, incluindo registros diários e por turno. as tabelas de manutencao tem manut em seu nome\n- **Controle de qualidade**, com base em checagens de peso durante os ciclos de produção.\nA tabela producaoproduto contem a producao de cada maquina. o campoquantproduzida é o que indica a quantidade de sacos produzida pela máquina.\nO modelo deve correlacionar as informações para responder perguntas em linguagem natural sobre a produção, qualidade e manutenção das máquinas.\nnao use a tabela registroproducao!! Essa tabela não existe. Use a tabela producaoproduto, que contẽm o registro de produção!!!\n""}"
"producao2_sql_skill_726b2ea4db874ecf8830bc7e59201e0c","mindsdb","sql","{""database"":""producao2"",""tables"":[],""description"":""A base de dados contém informações sobre a produção industrial de máquinas que fabricam produtos que sao embalagens plásticas. Cada máquina está associada a um molde\nespecífico e possui registros de produção com datas, status (se a máquina está produzindo ou não), e ciclos de checagem de qualidade de peso durante a produção. \nTambém existem registros de manutenção preventiva e corretiva das máquinas, segmentados por turnos. A producção de cada produto é contada em sacos, que vao para um estoque. cada produto\npossui uma quantidade por saco.\nAs respostas devem ser fortnecidas em portugues\nAs datas fornecidas nas perguntas seguem o formato **dd/mm/yyyy** e devem ser convertidas para o formato **yyyy-mm-dd** para realizar consultas.\n\nA base de dados é usada para responder perguntas relacionadas a:\n- **Produção das máquinas**, como status de produção, intervalo de datas e dados de peso. tabelas relacionadas a producao tem prod em seu nome\n- **Manutenção das máquinas**, incluindo registros diários e por turno. as tabelas de manutencao tem manut em seu nome\n- **Controle de qualidade**, com base em checagens de peso durante os ciclos de produção.\nA tabela producaoproduto contem a producao de cada maquina. o campoquantproduzida é o que indica a quantidade de sacos produzida pela máquina.\nO modelo deve correlacionar as informações para responder perguntas em linguagem natural sobre a produção, qualidade e manutenção das máquinas.\nnao use a tabela registroproducao!! Essa tabela não existe. Use a tabela producaoproduto, que contẽm o registro de produção!!!\n""}"
"producao2_sql_skill_6fa8ce115ee64170a08a7a3a8848256b","mindsdb","sql","{""database"":""producao2"",""tables"":[],""description"":""A base de dados contém informações sobre a produção industrial de máquinas que fabricam produtos que sao embalagens plásticas. Cada máquina está associada a um molde\nespecífico e possui registros de produção com datas, status (se a máquina está produzindo ou não), e ciclos de checagem de qualidade de peso durante a produção. \nTambém existem registros de manutenção preventiva e corretiva das máquinas, segmentados por turnos. A produção de cada produto é contada em sacos, e registram o estoque. cada produto\npossui uma quantidade por saco.para saber a quantidade em estoque de um produto deve-se consultar a tabela saco e a tabela movimentacaoestoque. \nAs respostas devem ser fortnecidas em portugues\nAs datas fornecidas nas perguntas seguem o formato **dd/mm/yyyy** e devem ser convertidas para o formato **yyyy-mm-dd** para realizar consultas.\n\nA base de dados é usada para responder perguntas relacionadas a:\n- **Produção das máquinas**, como status de produção, intervalo de datas e dados de peso. tabelas relacionadas a producao tem prod em seu nome\n- **Manutenção das máquinas**, incluindo registros diários e por turno. as tabelas de manutencao tem manut em seu nome\n- **Controle de qualidade**, com base em checagens de peso durante os ciclos de produção.\nA tabela de nome producaoproduto contem a producao de cada maquina. o campoquantproduzida é o que indica a quantidade de sacos produzida pela máquina.\nO modelo deve correlacionar as informações para responder perguntas em linguagem natural sobre a produção, qualidade e manutenção das máquinas.\nnao use a tabela registroproducao!! Essa tabela não existe. Use a tabela producaoproduto, que contẽm o registro de produção!!!\n""}"
"producao2_sql_skill_647e79b24f1b4611b6833d26fcaa2c4f","mindsdb","sql","{""database"":""producao2"",""tables"":[],""description"":""A base de dados contém informações sobre a produção industrial de máquinas que fabricam produtos que sao embalagens plásticas. Cada máquina está associada a um molde\nespecífico e possui registros de produção com datas, status (se a máquina está produzindo ou não), e ciclos de checagem de qualidade de peso durante a produção. \nTambém existem registros de manutenção preventiva e corretiva das máquinas, segmentados por turnos. A produção de cada produto é contada em sacos, e registram o estoque. cada produto\npossui uma quantidade por saco.para saber a quantidade em estoque de um produto deve-se consultar a tabela saco e a tabela movimentacaoestoque. \nAs respostas devem ser fortnecidas em portugues\nAs datas fornecidas nas perguntas seguem o formato **dd/mm/yyyy** e devem ser convertidas para o formato **yyyy-mm-dd** para realizar consultas.\n\nA base de dados é usada para responder perguntas relacionadas a:\n- **Produção das máquinas**, como status de produção, intervalo de datas e dados de peso. tabelas relacionadas a producao tem prod em seu nome\n- **Manutenção das máquinas**, incluindo registros diários e por turno. as tabelas de manutencao tem manut em seu nome\n- **Controle de qualidade**, com base em checagens de peso durante os ciclos de produção.\nA tabela de nome producaoproduto contem a producao de cada maquina. o campoquantproduzida é o que indica a quantidade de sacos produzida pela máquina.\nO modelo deve correlacionar as informações para responder perguntas em linguagem natural sobre a produção, qualidade e manutenção das máquinas.\nnao use a tabela registroproducao!! Essa tabela não existe. Use a tabela producaoproduto, que contẽm o registro de produção!!!\n""}"
"producao2_sql_skill_2b4e3c209133496d89d2c2096ee6b7bd","mindsdb","sql","{""database"":""producao2"",""tables"":[],""description"":""A base de dados contém informações sobre a produção industrial de máquinas que fabricam produtos que sao embalagens plásticas. Cada máquina está associada a um molde\nespecífico e possui registros de produção com datas, status (se a máquina está produzindo ou não), e ciclos de checagem de qualidade de peso durante a produção. \nTambém existem registros de manutenção preventiva e corretiva das máquinas, segmentados por turnos. A produção de cada produto é contada em sacos, e registram o estoque. cada produto\npossui uma quantidade por saco.para saber a quantidade em estoque de um produto deve-se consultar a tabela saco e a tabela movimentacaoestoque. \nAs respostas devem ser fortnecidas em portugues\nAs datas fornecidas nas perguntas seguem o formato **dd/mm/yyyy** e devem ser convertidas para o formato **yyyy-mm-dd** para realizar consultas.\n\nA base de dados é usada para responder perguntas relacionadas a:\n- **Produção das máquinas**, como status de produção, intervalo de datas e dados de peso. tabelas relacionadas a producao tem prod em seu nome\n- **Manutenção das máquinas**, incluindo registros diários e por turno. as tabelas de manutencao tem manut em seu nome\n- **Controle de qualidade**, com base em checagens de peso durante os ciclos de produção.\nA tabela de nome producaoproduto contem a producao de cada maquina. o campoquantproduzida é o que indica a quantidade de sacos produzida pela máquina.\nO modelo deve correlacionar as informações para responder perguntas em linguagem natural sobre a produção, qualidade e manutenção das máquinas.\nnao use a tabela registroproducao!! Essa tabela não existe. Use a tabela producaoproduto, que contẽm o registro de produção!!!\n""}"
"producao_tropical_sql_skill_5fd72444521a42ff9e7e36045f25a0db","mindsdb","sql","{""database"":""producao_tropical"",""tables"":[],""description"":""A base de dados contém informações sobre a produção industrial de máquinas que fabricam produtos que sao embalagens plásticas. Cada máquina está associada a um molde\nespecífico e possui registros de produção com datas, status (se a máquina está produzindo ou não), e ciclos de checagem de qualidade de peso durante a produção. \nTambém existem registros de manutenção preventiva e corretiva das máquinas, segmentados por turnos. A produção de cada produto é contada em sacos, e registram o estoque. cada produto\npossui uma quantidade por saco.para saber a quantidade em estoque de um produto deve-se consultar a tabela saco e a tabela movimentacaoestoque. \nAs respostas devem ser fortnecidas em portugues\nAs datas fornecidas nas perguntas seguem o formato **dd/mm/yyyy** e devem ser convertidas para o formato **yyyy-mm-dd** para realizar consultas.\n\nA base de dados é usada para responder perguntas relacionadas a:\n- **Produção das máquinas**, como status de produção, intervalo de datas e dados de peso. tabelas relacionadas a producao tem prod em seu nome\n- **Manutenção das máquinas**, incluindo registros diários e por turno. as tabelas de manutencao tem manut em seu nome\n- **Controle de qualidade**, com base em checagens de peso durante os ciclos de produção.\nA tabela de nome producaoproduto contem a producao de cada maquina. o campoquantproduzida é o que indica a quantidade de sacos produzida pela máquina.\nO modelo deve correlacionar as informações para responder perguntas em linguagem natural sobre a produção, qualidade e manutenção das máquinas.\nnao use a tabela registroproducao!! Essa tabela não existe. Use a tabela producaoproduto, que contẽm o registro de produção!!!\n""}"
"producao_tropical_sql_skill_154e962afc4b455c8f6cd34d14507c64","mindsdb","sql","{""database"":""producao_tropical"",""tables"":[""produto""],""description"":""Você é um especialista em gerar queries que procure pela quantidade em estoque de um produto. Para tal voce vai\ncriar uma query select descprod, quantestoque from produto where descprod deve ter um LIKE para o nome do produto completo, um LIKE para cada cada palavra do nome do produto\ne um LIKE para cada combinação da  primera palavra com as outras seguintes, um like para cada combinação da segunda palavra do nome com as seguintes e assim por diante.\nExecute a query e forneça um unico resultado com o DEScPROD que seja mais semelhante ao nome do produto dersejado\n""}"
"producao_tropical_sql_skill_c6de639904624ba38768a4331c761cc3","mindsdb","sql","{""database"":""producao_tropical"",""tables"":[],""description"":""A base de dados contém informações sobre a produção industrial de máquinas que fabricam produtos que sao embalagens plásticas. Cada máquina está associada a um molde\nespecífico e possui registros de produção com datas, status (se a máquina está produzindo ou não), e ciclos de checagem de qualidade de peso durante a produção.\nTambém existem registros de manutenção preventiva e corretiva das máquinas, segmentados por turnos. A produção de cada produto é contada em sacos, e registram o estoque. cada produto\npossui uma quantidade por saco.para saber a quantidade em estoque de um produto deve-se consultar a tabela saco e a tabela movimentacaoestoque.\nAs respostas devem ser fortnecidas em portugues\nAs datas fornecidas nas perguntas seguem o formato **dd/mm/yyyy** e devem ser convertidas para o formato **yyyy-mm-dd** para realizar consultas.\n\nA base de dados é usada para responder perguntas relacionadas a:\n- **Produção das máquinas**, como status de produção, intervalo de datas e dados de peso. tabelas relacionadas a producao tem prod em seu nome\n- **Manutenção das máquinas**, incluindo registros diários e por turno. as tabelas de manutencao tem manut em seu nome\n- **Controle de qualidade**, com base em checagens de peso durante os ciclos de produção.\nA tabela de nome producaoproduto contem a producao de cada maquina. o campoquantproduzida é o que indica a quantidade de sacos produzida pela máquina.\nO modelo deve correlacionar as informações para responder perguntas em linguagem natural sobre a produção, qualidade e manutenção das máquinas.\nnao use a tabela registroproducao!! Essa tabela não existe. Use a tabela producaoproduto, que contẽm o registro de produção!!!\n""}"
"producao_tropical_sql_skill_dd4d042e3fa945a78e9d5186d47bd4a8","mindsdb","sql","{""database"":""producao_tropical"",""tables"":[""produto""],""description"":""Você é um especialista em gerar queries que procure pela quantidade em estoque de um produto. Para tal voce vai\ncriar uma query select descprod, quantestoque from produto where descprod deve ter um LIKE para o nome do produto completo, um LIKE para cada cada palavra do nome do produto\ne um LIKE para cada combinação da  primera palavra com as outras seguintes, um like para cada combinação da segunda palavra do nome com as seguintes e assim por diante.\nExecute a query e forneça um unico resultado com o DEScPROD que seja mais semelhante ao nome do produto dersejado\n""}"
"producao_tropical_sql_skill_1a05114b1c9d41f2b156643915e2eea1","mindsdb","sql","{""database"":""producao_tropical"",""tables"":[],""description"":""A base de dados contém informações sobre a produção industrial de máquinas que fabricam produtos que sao embalagens plásticas. Cada máquina está associada a um molde\nespecífico e possui registros de produção com datas, status (se a máquina está produzindo ou não), e ciclos de checagem de qualidade de peso durante a produção.\nTambém existem registros de manutenção preventiva e corretiva das máquinas, segmentados por turnos. A produção de cada produto é contada em sacos, e registram o estoque. cada produto\npossui uma quantidade por saco.para saber a quantidade em estoque de um produto deve-se consultar a tabela saco e a tabela movimentacaoestoque.\nAs respostas devem ser fortnecidas em portugues\nAs datas fornecidas nas perguntas seguem o formato **dd/mm/yyyy** e devem ser convertidas para o formato **yyyy-mm-dd** para realizar consultas.\n\nA base de dados é usada para responder perguntas relacionadas a:\n- **Produção das máquinas**, como status de produção, intervalo de datas e dados de peso. tabelas relacionadas a producao tem prod em seu nome\n- **Manutenção das máquinas**, incluindo registros diários e por turno. as tabelas de manutencao tem manut em seu nome\n- **Controle de qualidade**, com base em checagens de peso durante os ciclos de produção.\nA tabela de nome producaoproduto contem a producao de cada maquina. o campoquantproduzida é o que indica a quantidade de sacos produzida pela máquina.\nO modelo deve correlacionar as informações para responder perguntas em linguagem natural sobre a produção, qualidade e manutenção das máquinas.\nnao use a tabela registroproducao!! Essa tabela não existe. Use a tabela producaoproduto, que contẽm o registro de produção!!!\n""}"
"producao_tropical_sql_skill_f72ddc92be4d4ce7b9a537412f5f511b","mindsdb","sql","{""database"":""producao_tropical"",""tables"":[""produto""],""description"":""Você é um especialista em gerar queries que procure pela quantidade em estoque de um produto. Para tal voce vai\ncriar uma query select descprod, quantestoque from produto where descprod deve ter um LIKE para o nome do produto completo, um LIKE para cada cada palavra do nome do produto\ne um LIKE para cada combinação da  primera palavra com as outras seguintes, um like para cada combinação da segunda palavra do nome com as seguintes e assim por diante.\nExecute a query e forneça um unico resultado com o DEScPROD que seja mais semelhante ao nome do produto dersejado\n""}"